"employees","weekday","income"
Abraham Bennet,Monday   ,52696
Albert Ringer,Monday   ,33908
Ann Dull,Monday   ,32545
Anne Ringer,Monday   ,11250
Burt Gringlesby,Monday   ,21698
Charlene Locksley,Monday   ,21604
Cheryl Carson,Monday   ,11087
Dean Straight,Monday   ,21240
Dirk Stringer,Monday   ,15909
Heather McBadden,Monday   ,18711
Innes del Castillo,Monday   ,19551
Johnson White,Monday   ,34498
Livia Karsen,Monday   ,12787
Marjorie Green,Monday   ,27594
Meander Smith,Monday   ,10362
Michael O'Leary,Monday   ,20301
Michel DeFrance,Monday   ,26914
Morningstar Greene,Monday   ,13893
Reginald Blotchet-Halls,Monday   ,15660
Sheryl Hunter,Monday   ,22551
Stearns MacFeather,Monday   ,20109
Sylvia Panteley,Monday   ,19880
Abraham Bennet,Tuesday  ,55174
Albert Ringer,Tuesday  ,24129
Ann Dull,Tuesday  ,34305
Anne Ringer,Tuesday  ,13438
Burt Gringlesby,Tuesday  ,15983
Charlene Locksley,Tuesday  ,24751
Cheryl Carson,Tuesday  ,16573
Dean Straight,Tuesday  ,21494
Dirk Stringer,Tuesday  ,14073
Heather McBadden,Tuesday  ,16273
Innes del Castillo,Tuesday  ,25243
Johnson White,Tuesday  ,36098
Livia Karsen,Tuesday  ,15877
Marjorie Green,Tuesday  ,34276
Meander Smith,Tuesday  ,11025
Michael O'Leary,Tuesday  ,21324
Michel DeFrance,Tuesday  ,19437
Morningstar Greene,Tuesday  ,17468
Reginald Blotchet-Halls,Tuesday  ,15081
Sheryl Hunter,Tuesday  ,16401
Stearns MacFeather,Tuesday  ,13781
Sylvia Panteley,Tuesday  ,15260
Abraham Bennet,Wednesday,55671
Albert Ringer,Wednesday,27757
Ann Dull,Wednesday,27322
Anne Ringer,Wednesday,11664
Burt Gringlesby,Wednesday,20131
Charlene Locksley,Wednesday,27969
Cheryl Carson,Wednesday,10187
Dean Straight,Wednesday,22661
Dirk Stringer,Wednesday,11106
Heather McBadden,Wednesday,13995
Innes del Castillo,Wednesday,22228
Johnson White,Wednesday,39136
Livia Karsen,Wednesday,13489
Marjorie Green,Wednesday,33094
Meander Smith,Wednesday,9787
Michael O'Leary,Wednesday,25783
Michel DeFrance,Wednesday,25166
Morningstar Greene,Wednesday,21693
Reginald Blotchet-Halls,Wednesday,16797
Sheryl Hunter,Wednesday,19363
Stearns MacFeather,Wednesday,19194
Sylvia Panteley,Wednesday,14280
Abraham Bennet,Thursday ,41906
Albert Ringer,Thursday ,30452
Ann Dull,Thursday ,28668
Anne Ringer,Thursday ,10171
Burt Gringlesby,Thursday ,19564
Charlene Locksley,Thursday ,24024
Cheryl Carson,Thursday ,14981
Dean Straight,Thursday ,20551
Dirk Stringer,Thursday ,16710
Heather McBadden,Thursday ,21466
Innes del Castillo,Thursday ,21990
Johnson White,Thursday ,29347
Livia Karsen,Thursday ,15212
Marjorie Green,Thursday ,36869
Meander Smith,Thursday ,8128
Michael O'Leary,Thursday ,17170
Michel DeFrance,Thursday ,30184
Morningstar Greene,Thursday ,16099
Reginald Blotchet-Halls,Thursday ,18806
Sheryl Hunter,Thursday ,14325
Stearns MacFeather,Thursday ,17369
Sylvia Panteley,Thursday ,18316
Abraham Bennet,Friday   ,63619
Albert Ringer,Friday   ,28158
Ann Dull,Friday   ,38186
Anne Ringer,Friday   ,8663
Burt Gringlesby,Friday   ,19794
Charlene Locksley,Friday   ,25117
Cheryl Carson,Friday   ,19581
Dean Straight,Friday   ,21457
Dirk Stringer,Friday   ,17871
Heather McBadden,Friday   ,18657
Innes del Castillo,Friday   ,20813
Johnson White,Friday   ,20919
Livia Karsen,Friday   ,13361
Marjorie Green,Friday   ,28991
Meander Smith,Friday   ,7760
Michael O'Leary,Friday   ,27979
Michel DeFrance,Friday   ,29575
Morningstar Greene,Friday   ,16009
Reginald Blotchet-Halls,Friday   ,23297
Sheryl Hunter,Friday   ,22033
Stearns MacFeather,Friday   ,12451
Sylvia Panteley,Friday   ,21092
Abraham Bennet,Saturday ,43876
Albert Ringer,Saturday ,29189
Ann Dull,Saturday ,39706
Anne Ringer,Saturday ,7022
Burt Gringlesby,Saturday ,19831
Charlene Locksley,Saturday ,26670
Cheryl Carson,Saturday ,15151
Dean Straight,Saturday ,25811
Dirk Stringer,Saturday ,17601
Heather McBadden,Saturday ,15960
Innes del Castillo,Saturday ,19960
Johnson White,Saturday ,37867
Livia Karsen,Saturday ,13453
Marjorie Green,Saturday ,34843
Meander Smith,Saturday ,8492
Michael O'Leary,Saturday ,26742
Michel DeFrance,Saturday ,29199
Morningstar Greene,Saturday ,15612
Reginald Blotchet-Halls,Saturday ,23667
Sheryl Hunter,Saturday ,19274
Stearns MacFeather,Saturday ,18896
Sylvia Panteley,Saturday ,13107
Abraham Bennet,Sunday   ,45959
Albert Ringer,Sunday   ,34252
Ann Dull,Sunday   ,34880
Anne Ringer,Sunday   ,8870
Burt Gringlesby,Sunday   ,26058
Charlene Locksley,Sunday   ,30101
Cheryl Carson,Sunday   ,9953
Dean Straight,Sunday   ,24423
Dirk Stringer,Sunday   ,18426
Heather McBadden,Sunday   ,22010
Innes del Castillo,Sunday   ,28596
Johnson White,Sunday   ,27807
Livia Karsen,Sunday   ,12970
Marjorie Green,Sunday   ,28673
Meander Smith,Sunday   ,11987
Michael O'Leary,Sunday   ,20575
Michel DeFrance,Sunday   ,25852
Morningstar Greene,Sunday   ,16539
Reginald Blotchet-Halls,Sunday   ,16998
Sheryl Hunter,Sunday   ,20145
Stearns MacFeather,Sunday   ,17284
Sylvia Panteley,Sunday   ,22741
Abraham Bennet,Monday   ,55317
Albert Ringer,Monday   ,33184
Ann Dull,Monday   ,27655
Anne Ringer,Monday   ,11590
Burt Gringlesby,Monday   ,21933
Charlene Locksley,Monday   ,30329
Cheryl Carson,Monday   ,21428
Dean Straight,Monday   ,15718
Dirk Stringer,Monday   ,18726
Heather McBadden,Monday   ,14211
Innes del Castillo,Monday   ,21009
Johnson White,Monday   ,39596
Livia Karsen,Monday   ,10109
Marjorie Green,Monday   ,26536
Meander Smith,Monday   ,10312
Michael O'Leary,Monday   ,20565
Michel DeFrance,Monday   ,23624
Morningstar Greene,Monday   ,14148
Reginald Blotchet-Halls,Monday   ,23514
Sheryl Hunter,Monday   ,20533
Stearns MacFeather,Monday   ,25086
Sylvia Panteley,Monday   ,15221
Abraham Bennet,Tuesday  ,48096
Albert Ringer,Tuesday  ,38960
Ann Dull,Tuesday  ,31015
Anne Ringer,Tuesday  ,14384
Burt Gringlesby,Tuesday  ,23363
Charlene Locksley,Tuesday  ,24047
Cheryl Carson,Tuesday  ,18690
Dean Straight,Tuesday  ,25176
Dirk Stringer,Tuesday  ,13107
Heather McBadden,Tuesday  ,16467
Innes del Castillo,Tuesday  ,25979
Johnson White,Tuesday  ,43084
Livia Karsen,Tuesday  ,5824
Marjorie Green,Tuesday  ,29522
Meander Smith,Tuesday  ,9722
Michael O'Leary,Tuesday  ,19057
Michel DeFrance,Tuesday  ,26523
Morningstar Greene,Tuesday  ,23727
Reginald Blotchet-Halls,Tuesday  ,20533
Sheryl Hunter,Tuesday  ,19889
Stearns MacFeather,Tuesday  ,17303
Sylvia Panteley,Tuesday  ,17219
Abraham Bennet,Wednesday,44509
Albert Ringer,Wednesday,29263
Ann Dull,Wednesday,39263
Anne Ringer,Wednesday,14251
Burt Gringlesby,Wednesday,24778
Charlene Locksley,Wednesday,24530
Cheryl Carson,Wednesday,14359
Dean Straight,Wednesday,19047
Dirk Stringer,Wednesday,18153
Heather McBadden,Wednesday,15882
Innes del Castillo,Wednesday,17591
Johnson White,Wednesday,25718
Livia Karsen,Wednesday,15841
Marjorie Green,Wednesday,29396
Meander Smith,Wednesday,9454
Michael O'Leary,Wednesday,19681
Michel DeFrance,Wednesday,18145
Morningstar Greene,Wednesday,21825
Reginald Blotchet-Halls,Wednesday,16442
Sheryl Hunter,Wednesday,16517
Stearns MacFeather,Wednesday,16952
Sylvia Panteley,Wednesday,18397
Abraham Bennet,Thursday ,48849
Albert Ringer,Thursday ,28291
Ann Dull,Thursday ,37043
Anne Ringer,Thursday ,11457
Burt Gringlesby,Thursday ,19758
Charlene Locksley,Thursday ,28443
Cheryl Carson,Thursday ,12988
Dean Straight,Thursday ,27381
Dirk Stringer,Thursday ,16311
Heather McBadden,Thursday ,25021
Innes del Castillo,Thursday ,17949
Johnson White,Thursday ,26659
Livia Karsen,Thursday ,14637
Marjorie Green,Thursday ,20908
Meander Smith,Thursday ,8860
Michael O'Leary,Thursday ,17387
Michel DeFrance,Thursday ,30637
Morningstar Greene,Thursday ,17782
Reginald Blotchet-Halls,Thursday ,21221
Sheryl Hunter,Thursday ,18834
Stearns MacFeather,Thursday ,17963
Sylvia Panteley,Thursday ,20602
Abraham Bennet,Friday   ,40492
Albert Ringer,Friday   ,30159
Ann Dull,Friday   ,39142
Anne Ringer,Friday   ,13423
Burt Gringlesby,Friday   ,19095
Charlene Locksley,Friday   ,26843
Cheryl Carson,Friday   ,18567
Dean Straight,Friday   ,20681
Dirk Stringer,Friday   ,16215
Heather McBadden,Friday   ,19389
Innes del Castillo,Friday   ,18958
Johnson White,Friday   ,28659
Livia Karsen,Friday   ,14383
Marjorie Green,Friday   ,26681
Meander Smith,Friday   ,13700
Michael O'Leary,Friday   ,22368
Michel DeFrance,Friday   ,27812
Morningstar Greene,Friday   ,14566
Reginald Blotchet-Halls,Friday   ,24108
Sheryl Hunter,Friday   ,17920
Stearns MacFeather,Friday   ,18282
Sylvia Panteley,Friday   ,21642
Abraham Bennet,Saturday ,50808
Albert Ringer,Saturday ,32504
Ann Dull,Saturday ,36014
Anne Ringer,Saturday ,12610
Burt Gringlesby,Saturday ,20797
Charlene Locksley,Saturday ,15828
Cheryl Carson,Saturday ,10232
Dean Straight,Saturday ,23963
Dirk Stringer,Saturday ,21693
Heather McBadden,Saturday ,20216
Innes del Castillo,Saturday ,30906
Johnson White,Saturday ,31998
Livia Karsen,Saturday ,15704
Marjorie Green,Saturday ,26851
Meander Smith,Saturday ,11040
Michael O'Leary,Saturday ,25125
Michel DeFrance,Saturday ,29951
Morningstar Greene,Saturday ,20585
Reginald Blotchet-Halls,Saturday ,17391
Sheryl Hunter,Saturday ,20051
Stearns MacFeather,Saturday ,22033
Sylvia Panteley,Saturday ,17813
Abraham Bennet,Sunday   ,38367
Albert Ringer,Sunday   ,30332
Ann Dull,Sunday   ,33258
Anne Ringer,Sunday   ,12758
Burt Gringlesby,Sunday   ,22898
Charlene Locksley,Sunday   ,25554
Cheryl Carson,Sunday   ,12614
Dean Straight,Sunday   ,19582
Dirk Stringer,Sunday   ,17172
Heather McBadden,Sunday   ,14423
Innes del Castillo,Sunday   ,25575
Johnson White,Sunday   ,31321
Livia Karsen,Sunday   ,10390
Marjorie Green,Sunday   ,33172
Meander Smith,Sunday   ,13685
Michael O'Leary,Sunday   ,18758
Michel DeFrance,Sunday   ,28628
Morningstar Greene,Sunday   ,15542
Reginald Blotchet-Halls,Sunday   ,19243
Sheryl Hunter,Sunday   ,16563
Stearns MacFeather,Sunday   ,12836
Sylvia Panteley,Sunday   ,16624
Abraham Bennet,Monday   ,41336
Albert Ringer,Monday   ,36034
Ann Dull,Monday   ,36422
Anne Ringer,Monday   ,10496
Burt Gringlesby,Monday   ,17716
Charlene Locksley,Monday   ,23320
Cheryl Carson,Monday   ,17304
Dean Straight,Monday   ,22123
Dirk Stringer,Monday   ,16233
Heather McBadden,Monday   ,22407
Innes del Castillo,Monday   ,18713
Johnson White,Monday   ,32851
Livia Karsen,Monday   ,10983
Marjorie Green,Monday   ,34010
Meander Smith,Monday   ,12021
Michael O'Leary,Monday   ,23125
Michel DeFrance,Monday   ,26745
Morningstar Greene,Monday   ,11508
Reginald Blotchet-Halls,Monday   ,25057
Sheryl Hunter,Monday   ,13848
Stearns MacFeather,Monday   ,12901
Sylvia Panteley,Monday   ,12622
Abraham Bennet,Tuesday  ,53871
Albert Ringer,Tuesday  ,37137
Ann Dull,Tuesday  ,27978
Anne Ringer,Tuesday  ,13645
Burt Gringlesby,Tuesday  ,20306
Charlene Locksley,Tuesday  ,20950
Cheryl Carson,Tuesday  ,20542
Dean Straight,Tuesday  ,19916
Dirk Stringer,Tuesday  ,16554
Heather McBadden,Tuesday  ,20815
Innes del Castillo,Tuesday  ,25080
Johnson White,Tuesday  ,24730
Livia Karsen,Tuesday  ,10073
Marjorie Green,Tuesday  ,26672
Meander Smith,Tuesday  ,11347
Michael O'Leary,Tuesday  ,24321
Michel DeFrance,Tuesday  ,30530
Morningstar Greene,Tuesday  ,21032
Reginald Blotchet-Halls,Tuesday  ,23184
Sheryl Hunter,Tuesday  ,21171
Stearns MacFeather,Tuesday  ,18309
Sylvia Panteley,Tuesday  ,18134
Abraham Bennet,Wednesday,50788
Albert Ringer,Wednesday,31602
Ann Dull,Wednesday,38273
Anne Ringer,Wednesday,8249
Burt Gringlesby,Wednesday,15868
Charlene Locksley,Wednesday,29501
Cheryl Carson,Wednesday,14075
Dean Straight,Wednesday,12802
Dirk Stringer,Wednesday,14706
Heather McBadden,Wednesday,20699
Innes del Castillo,Wednesday,18038
Johnson White,Wednesday,23397
Livia Karsen,Wednesday,13509
Marjorie Green,Wednesday,35262
Meander Smith,Wednesday,13493
Michael O'Leary,Wednesday,27608
Michel DeFrance,Wednesday,31028
Morningstar Greene,Wednesday,18477
Reginald Blotchet-Halls,Wednesday,15472
Sheryl Hunter,Wednesday,20277
Stearns MacFeather,Wednesday,19587
Sylvia Panteley,Wednesday,18241
Abraham Bennet,Thursday ,48792
Albert Ringer,Thursday ,42551
Ann Dull,Thursday ,40252
Anne Ringer,Thursday ,10437
Burt Gringlesby,Thursday ,18283
Charlene Locksley,Thursday ,32148
Cheryl Carson,Thursday ,13017
Dean Straight,Thursday ,16217
Dirk Stringer,Thursday ,19947
Heather McBadden,Thursday ,28292
Innes del Castillo,Thursday ,28501
Johnson White,Thursday ,26266
Livia Karsen,Thursday ,7202
Marjorie Green,Thursday ,34890
Meander Smith,Thursday ,13221
Michael O'Leary,Thursday ,24328
Michel DeFrance,Thursday ,34598
Morningstar Greene,Thursday ,15797
Reginald Blotchet-Halls,Thursday ,17200
Sheryl Hunter,Thursday ,17697
Stearns MacFeather,Thursday ,15483
Sylvia Panteley,Thursday ,22363
Abraham Bennet,Friday   ,47708
Albert Ringer,Friday   ,36994
Ann Dull,Friday   ,31952
Anne Ringer,Friday   ,12285
Burt Gringlesby,Friday   ,30303
Charlene Locksley,Friday   ,25945
Cheryl Carson,Friday   ,20809
Dean Straight,Friday   ,20166
Dirk Stringer,Friday   ,15558
Heather McBadden,Friday   ,15832
Innes del Castillo,Friday   ,24068
Johnson White,Friday   ,38196
Livia Karsen,Friday   ,13052
Marjorie Green,Friday   ,27123
Meander Smith,Friday   ,9312
Michael O'Leary,Friday   ,21980
Michel DeFrance,Friday   ,24173
Morningstar Greene,Friday   ,14252
Reginald Blotchet-Halls,Friday   ,25166
Sheryl Hunter,Friday   ,13839
Stearns MacFeather,Friday   ,13469
Sylvia Panteley,Friday   ,17196
Abraham Bennet,Saturday ,57739
Albert Ringer,Saturday ,31470
Ann Dull,Saturday ,33965
Anne Ringer,Saturday ,8722
Burt Gringlesby,Saturday ,23873
Charlene Locksley,Saturday ,26692
Cheryl Carson,Saturday ,14104
Dean Straight,Saturday ,26064
Dirk Stringer,Saturday ,12312
Heather McBadden,Saturday ,13550
Innes del Castillo,Saturday ,22949
Johnson White,Saturday ,26519
Livia Karsen,Saturday ,14154
Marjorie Green,Saturday ,33455
Meander Smith,Saturday ,10339
Michael O'Leary,Saturday ,25234
Michel DeFrance,Saturday ,32243
Morningstar Greene,Saturday ,21295
Reginald Blotchet-Halls,Saturday ,15022
Sheryl Hunter,Saturday ,14897
Stearns MacFeather,Saturday ,15568
Sylvia Panteley,Saturday ,15363
Abraham Bennet,Sunday   ,48369
Albert Ringer,Sunday   ,24538
Ann Dull,Sunday   ,35300
Anne Ringer,Sunday   ,9949
Burt Gringlesby,Sunday   ,29690
Charlene Locksley,Sunday   ,23769
Cheryl Carson,Sunday   ,16806
Dean Straight,Sunday   ,24187
Dirk Stringer,Sunday   ,13770
Heather McBadden,Sunday   ,19650
Innes del Castillo,Sunday   ,21978
Johnson White,Sunday   ,22894
Livia Karsen,Sunday   ,7913
Marjorie Green,Sunday   ,35367
Meander Smith,Sunday   ,11872
Michael O'Leary,Sunday   ,25455
Michel DeFrance,Sunday   ,34394
Morningstar Greene,Sunday   ,19481
Reginald Blotchet-Halls,Sunday   ,21689
Sheryl Hunter,Sunday   ,23258
Stearns MacFeather,Sunday   ,16370
Sylvia Panteley,Sunday   ,23304
Abraham Bennet,Monday   ,39807
Albert Ringer,Monday   ,46961
Ann Dull,Monday   ,38694
Anne Ringer,Monday   ,14458
Burt Gringlesby,Monday   ,21744
Charlene Locksley,Monday   ,27498
Cheryl Carson,Monday   ,11725
Dean Straight,Monday   ,20631
Dirk Stringer,Monday   ,17034
Heather McBadden,Monday   ,17860
Innes del Castillo,Monday   ,21776
Johnson White,Monday   ,37248
Livia Karsen,Monday   ,7710
Marjorie Green,Monday   ,22904
Meander Smith,Monday   ,9626
Michael O'Leary,Monday   ,21499
Michel DeFrance,Monday   ,25338
Morningstar Greene,Monday   ,21225
Reginald Blotchet-Halls,Monday   ,24246
Sheryl Hunter,Monday   ,16915
Stearns MacFeather,Monday   ,14140
Sylvia Panteley,Monday   ,15409
Abraham Bennet,Tuesday  ,60996
Albert Ringer,Tuesday  ,38943
Ann Dull,Tuesday  ,39798
Anne Ringer,Tuesday  ,13911
Burt Gringlesby,Tuesday  ,23589
Charlene Locksley,Tuesday  ,25323
Cheryl Carson,Tuesday  ,15366
Dean Straight,Tuesday  ,14115
Dirk Stringer,Tuesday  ,15573
Heather McBadden,Tuesday  ,14819
Innes del Castillo,Tuesday  ,27770
Johnson White,Tuesday  ,27166
Livia Karsen,Tuesday  ,12350
Marjorie Green,Tuesday  ,19750
Meander Smith,Tuesday  ,10201
Michael O'Leary,Tuesday  ,19140
Michel DeFrance,Tuesday  ,27194
Morningstar Greene,Tuesday  ,12320
Reginald Blotchet-Halls,Tuesday  ,16063
Sheryl Hunter,Tuesday  ,20313
Stearns MacFeather,Tuesday  ,13286
Sylvia Panteley,Tuesday  ,16030
Abraham Bennet,Wednesday,49889
Albert Ringer,Wednesday,33913
Ann Dull,Wednesday,37233
Anne Ringer,Wednesday,12137
Burt Gringlesby,Wednesday,27704
Charlene Locksley,Wednesday,25920
Cheryl Carson,Wednesday,11046
Dean Straight,Wednesday,21954
Dirk Stringer,Wednesday,18876
Heather McBadden,Wednesday,12970
Innes del Castillo,Wednesday,33266
Johnson White,Wednesday,30630
Livia Karsen,Wednesday,12467
Marjorie Green,Wednesday,29943
Meander Smith,Wednesday,13347
Michael O'Leary,Wednesday,20696
Michel DeFrance,Wednesday,26680
Morningstar Greene,Wednesday,13148
Reginald Blotchet-Halls,Wednesday,18775
Sheryl Hunter,Wednesday,21414
Stearns MacFeather,Wednesday,12027
Sylvia Panteley,Wednesday,27904
Abraham Bennet,Thursday ,55104
Albert Ringer,Thursday ,29119
Ann Dull,Thursday ,27156
Anne Ringer,Thursday ,11309
Burt Gringlesby,Thursday ,19205
Charlene Locksley,Thursday ,26495
Cheryl Carson,Thursday ,15590
Dean Straight,Thursday ,22005
Dirk Stringer,Thursday ,16689
Heather McBadden,Thursday ,25384
Innes del Castillo,Thursday ,23797
Johnson White,Thursday ,28682
Livia Karsen,Thursday ,10373
Marjorie Green,Thursday ,28947
Meander Smith,Thursday ,12355
Michael O'Leary,Thursday ,23769
Michel DeFrance,Thursday ,18656
Morningstar Greene,Thursday ,13702
Reginald Blotchet-Halls,Thursday ,26899
Sheryl Hunter,Thursday ,21181
Stearns MacFeather,Thursday ,10143
Sylvia Panteley,Thursday ,18990
Abraham Bennet,Friday   ,44363
Albert Ringer,Friday   ,29792
Ann Dull,Friday   ,29134
Anne Ringer,Friday   ,10097
Burt Gringlesby,Friday   ,23465
Charlene Locksley,Friday   ,20317
Cheryl Carson,Friday   ,19544
Dean Straight,Friday   ,21273
Dirk Stringer,Friday   ,15546
Heather McBadden,Friday   ,23736
Innes del Castillo,Friday   ,24799
Johnson White,Friday   ,26182
Livia Karsen,Friday   ,10063
Marjorie Green,Friday   ,29610
Meander Smith,Friday   ,8814
Michael O'Leary,Friday   ,22067
Michel DeFrance,Friday   ,31672
Morningstar Greene,Friday   ,15687
Reginald Blotchet-Halls,Friday   ,28561
Sheryl Hunter,Friday   ,19928
Stearns MacFeather,Friday   ,16522
Sylvia Panteley,Friday   ,18585
Abraham Bennet,Saturday ,53854
Albert Ringer,Saturday ,27394
Ann Dull,Saturday ,42369
Anne Ringer,Saturday ,4228
Burt Gringlesby,Saturday ,26007
Charlene Locksley,Saturday ,20939
Cheryl Carson,Saturday ,9997
Dean Straight,Saturday ,20275
Dirk Stringer,Saturday ,19401
Heather McBadden,Saturday ,16789
Innes del Castillo,Saturday ,22959
Johnson White,Saturday ,32141
Livia Karsen,Saturday ,7511
Marjorie Green,Saturday ,36274
Meander Smith,Saturday ,8699
Michael O'Leary,Saturday ,21817
Michel DeFrance,Saturday ,28317
Morningstar Greene,Saturday ,18604
Reginald Blotchet-Halls,Saturday ,17968
Sheryl Hunter,Saturday ,17664
Stearns MacFeather,Saturday ,12001
Sylvia Panteley,Saturday ,18270
Abraham Bennet,Sunday   ,46542
Albert Ringer,Sunday   ,30067
Ann Dull,Sunday   ,40913
Anne Ringer,Sunday   ,8855
Burt Gringlesby,Sunday   ,19224
Charlene Locksley,Sunday   ,21652
Cheryl Carson,Sunday   ,14874
Dean Straight,Sunday   ,19292
Dirk Stringer,Sunday   ,16716
Heather McBadden,Sunday   ,21376
Innes del Castillo,Sunday   ,31447
Johnson White,Sunday   ,42390
Livia Karsen,Sunday   ,14886
Marjorie Green,Sunday   ,29867
Meander Smith,Sunday   ,13060
Michael O'Leary,Sunday   ,26147
Michel DeFrance,Sunday   ,24720
Morningstar Greene,Sunday   ,17331
Reginald Blotchet-Halls,Sunday   ,19523
Sheryl Hunter,Sunday   ,18969
Stearns MacFeather,Sunday   ,13821
Sylvia Panteley,Sunday   ,21793
Abraham Bennet,Monday   ,47327
Albert Ringer,Monday   ,27210
Ann Dull,Monday   ,30445
Anne Ringer,Monday   ,10289
Burt Gringlesby,Monday   ,21583
Charlene Locksley,Monday   ,24554
Cheryl Carson,Monday   ,12395
Dean Straight,Monday   ,15825
Dirk Stringer,Monday   ,19605
Heather McBadden,Monday   ,18702
Innes del Castillo,Monday   ,28082
Johnson White,Monday   ,31855
Livia Karsen,Monday   ,10754
Marjorie Green,Monday   ,31478
Meander Smith,Monday   ,11002
Michael O'Leary,Monday   ,16742
Michel DeFrance,Monday   ,26250
Morningstar Greene,Monday   ,14951
Reginald Blotchet-Halls,Monday   ,24183
Sheryl Hunter,Monday   ,20014
Stearns MacFeather,Monday   ,16130
Sylvia Panteley,Monday   ,21501
Abraham Bennet,Tuesday  ,42285
Albert Ringer,Tuesday  ,32572
Ann Dull,Tuesday  ,22497
Anne Ringer,Tuesday  ,14606
Burt Gringlesby,Tuesday  ,15679
Charlene Locksley,Tuesday  ,24655
Cheryl Carson,Tuesday  ,5591
Dean Straight,Tuesday  ,17219
Dirk Stringer,Tuesday  ,15819
Heather McBadden,Tuesday  ,19631
Innes del Castillo,Tuesday  ,27862
Johnson White,Tuesday  ,27167
Livia Karsen,Tuesday  ,14982
Marjorie Green,Tuesday  ,33080
Meander Smith,Tuesday  ,10887
Michael O'Leary,Tuesday  ,18935
Michel DeFrance,Tuesday  ,21258
Morningstar Greene,Tuesday  ,19148
Reginald Blotchet-Halls,Tuesday  ,23717
Sheryl Hunter,Tuesday  ,15380
Stearns MacFeather,Tuesday  ,16070
Sylvia Panteley,Tuesday  ,22887
Abraham Bennet,Wednesday,45168
Albert Ringer,Wednesday,26462
Ann Dull,Wednesday,37388
Anne Ringer,Wednesday,8249
Burt Gringlesby,Wednesday,24485
Charlene Locksley,Wednesday,27361
Cheryl Carson,Wednesday,12864
Dean Straight,Wednesday,14566
Dirk Stringer,Wednesday,20355
Heather McBadden,Wednesday,21800
Innes del Castillo,Wednesday,17545
Johnson White,Wednesday,40670
Livia Karsen,Wednesday,9616
Marjorie Green,Wednesday,32553
Meander Smith,Wednesday,11094
Michael O'Leary,Wednesday,21200
Michel DeFrance,Wednesday,21535
Morningstar Greene,Wednesday,14418
Reginald Blotchet-Halls,Wednesday,21940
Sheryl Hunter,Wednesday,12106
Stearns MacFeather,Wednesday,21106
Sylvia Panteley,Wednesday,19627
Abraham Bennet,Thursday ,45866
Albert Ringer,Thursday ,36218
Ann Dull,Thursday ,34144
Anne Ringer,Thursday ,15892
Burt Gringlesby,Thursday ,22411
Charlene Locksley,Thursday ,26680
Cheryl Carson,Thursday ,15231
Dean Straight,Thursday ,24006
Dirk Stringer,Thursday ,18084
Heather McBadden,Thursday ,13504
Innes del Castillo,Thursday ,27941
Johnson White,Thursday ,28401
Livia Karsen,Thursday ,14636
Marjorie Green,Thursday ,29567
Meander Smith,Thursday ,7668
Michael O'Leary,Thursday ,18773
Michel DeFrance,Thursday ,25012
Morningstar Greene,Thursday ,10646
Reginald Blotchet-Halls,Thursday ,16220
Sheryl Hunter,Thursday ,19659
Stearns MacFeather,Thursday ,17779
Sylvia Panteley,Thursday ,15250
Abraham Bennet,Friday   ,48984
Albert Ringer,Friday   ,28860
Ann Dull,Friday   ,33540
Anne Ringer,Friday   ,14532
Burt Gringlesby,Friday   ,17106
Charlene Locksley,Friday   ,22883
Cheryl Carson,Friday   ,15029
Dean Straight,Friday   ,16843
Dirk Stringer,Friday   ,13416
Heather McBadden,Friday   ,20809
Innes del Castillo,Friday   ,21446
Johnson White,Friday   ,40741
Livia Karsen,Friday   ,11776
Marjorie Green,Friday   ,38291
Meander Smith,Friday   ,11458
Michael O'Leary,Friday   ,20187
Michel DeFrance,Friday   ,32834
Morningstar Greene,Friday   ,21133
Reginald Blotchet-Halls,Friday   ,22283
Sheryl Hunter,Friday   ,16875
Stearns MacFeather,Friday   ,19306
Sylvia Panteley,Friday   ,12707
Abraham Bennet,Saturday ,45763
Albert Ringer,Saturday ,38092
Ann Dull,Saturday ,31233
Anne Ringer,Saturday ,14739
Burt Gringlesby,Saturday ,26218
Charlene Locksley,Saturday ,27557
Cheryl Carson,Saturday ,15165
Dean Straight,Saturday ,19999
Dirk Stringer,Saturday ,17511
Heather McBadden,Saturday ,15910
Innes del Castillo,Saturday ,22085
Johnson White,Saturday ,36654
Livia Karsen,Saturday ,11969
Marjorie Green,Saturday ,25269
Meander Smith,Saturday ,11094
Michael O'Leary,Saturday ,25394
Michel DeFrance,Saturday ,32393
Morningstar Greene,Saturday ,18982
Reginald Blotchet-Halls,Saturday ,20880
Sheryl Hunter,Saturday ,21148
Stearns MacFeather,Saturday ,18838
Sylvia Panteley,Saturday ,16014
Abraham Bennet,Sunday   ,57772
Albert Ringer,Sunday   ,30504
Ann Dull,Sunday   ,33108
Anne Ringer,Sunday   ,11324
Burt Gringlesby,Sunday   ,21275
Charlene Locksley,Sunday   ,29963
Cheryl Carson,Sunday   ,13349
Dean Straight,Sunday   ,17257
Dirk Stringer,Sunday   ,19230
Heather McBadden,Sunday   ,19667
Innes del Castillo,Sunday   ,19599
Johnson White,Sunday   ,32885
Livia Karsen,Sunday   ,14957
Marjorie Green,Sunday   ,27466
Meander Smith,Sunday   ,8925
Michael O'Leary,Sunday   ,13917
Michel DeFrance,Sunday   ,32987
Morningstar Greene,Sunday   ,14822
Reginald Blotchet-Halls,Sunday   ,16256
Sheryl Hunter,Sunday   ,20317
Stearns MacFeather,Sunday   ,16456
Sylvia Panteley,Sunday   ,16913
Abraham Bennet,Monday   ,42297
Albert Ringer,Monday   ,39396
Ann Dull,Monday   ,33965
Anne Ringer,Monday   ,8796
Burt Gringlesby,Monday   ,19896
Charlene Locksley,Monday   ,25898
Cheryl Carson,Monday   ,13238
Dean Straight,Monday   ,23124
Dirk Stringer,Monday   ,17340
Heather McBadden,Monday   ,20640
Innes del Castillo,Monday   ,16592
Johnson White,Monday   ,32104
Livia Karsen,Monday   ,11521
Marjorie Green,Monday   ,25706
Meander Smith,Monday   ,9021
Michael O'Leary,Monday   ,25711
Michel DeFrance,Monday   ,25772
Morningstar Greene,Monday   ,15083
Reginald Blotchet-Halls,Monday   ,17828
Sheryl Hunter,Monday   ,20980
Stearns MacFeather,Monday   ,12411
Sylvia Panteley,Monday   ,22327
Abraham Bennet,Tuesday  ,55420
Albert Ringer,Tuesday  ,32741
Ann Dull,Tuesday  ,41828
Anne Ringer,Tuesday  ,12684
Burt Gringlesby,Tuesday  ,22904
Charlene Locksley,Tuesday  ,20754
Cheryl Carson,Tuesday  ,17646
Dean Straight,Tuesday  ,18553
Dirk Stringer,Tuesday  ,21306
Heather McBadden,Tuesday  ,19222
Innes del Castillo,Tuesday  ,22494
Johnson White,Tuesday  ,38417
Livia Karsen,Tuesday  ,20634
Marjorie Green,Tuesday  ,33760
Meander Smith,Tuesday  ,16214
Michael O'Leary,Tuesday  ,23745
Michel DeFrance,Tuesday  ,22612
Morningstar Greene,Tuesday  ,13416
Reginald Blotchet-Halls,Tuesday  ,27221
Sheryl Hunter,Tuesday  ,17128
Stearns MacFeather,Tuesday  ,16130
Sylvia Panteley,Tuesday  ,11217
Abraham Bennet,Wednesday,49032
Albert Ringer,Wednesday,34947
Ann Dull,Wednesday,38182
Anne Ringer,Wednesday,8663
Burt Gringlesby,Wednesday,30040
Charlene Locksley,Wednesday,24840
Cheryl Carson,Wednesday,14034
Dean Straight,Wednesday,23978
Dirk Stringer,Wednesday,11721
Heather McBadden,Wednesday,18100
Innes del Castillo,Wednesday,26434
Johnson White,Wednesday,25945
Livia Karsen,Wednesday,14063
Marjorie Green,Wednesday,24151
Meander Smith,Wednesday,9887
Michael O'Leary,Wednesday,18996
Michel DeFrance,Wednesday,30967
Morningstar Greene,Wednesday,22791
Reginald Blotchet-Halls,Wednesday,14962
Sheryl Hunter,Wednesday,20158
Stearns MacFeather,Wednesday,19254
Sylvia Panteley,Wednesday,16292
Abraham Bennet,Thursday ,52106
Albert Ringer,Thursday ,29532
Ann Dull,Thursday ,35880
Anne Ringer,Thursday ,14458
Burt Gringlesby,Thursday ,16953
Charlene Locksley,Thursday ,23265
Cheryl Carson,Thursday ,17520
Dean Straight,Thursday ,21902
Dirk Stringer,Thursday ,12348
Heather McBadden,Thursday ,18394
Innes del Castillo,Thursday ,20562
Johnson White,Thursday ,25210
Livia Karsen,Thursday ,13661
Marjorie Green,Thursday ,29099
Meander Smith,Thursday ,11366
Michael O'Leary,Thursday ,28958
Michel DeFrance,Thursday ,24418
Morningstar Greene,Thursday ,20490
Reginald Blotchet-Halls,Thursday ,19837
Sheryl Hunter,Thursday ,27412
Stearns MacFeather,Thursday ,15933
Sylvia Panteley,Thursday ,16304
Abraham Bennet,Friday   ,48153
Albert Ringer,Friday   ,37661
Ann Dull,Friday   ,30906
Anne Ringer,Friday   ,7229
Burt Gringlesby,Friday   ,24545
Charlene Locksley,Friday   ,23332
Cheryl Carson,Friday   ,13344
Dean Straight,Friday   ,23307
Dirk Stringer,Friday   ,22716
Heather McBadden,Friday   ,10512
Innes del Castillo,Friday   ,21033
Johnson White,Friday   ,42414
Livia Karsen,Friday   ,11039
Marjorie Green,Friday   ,32413
Meander Smith,Friday   ,11485
Michael O'Leary,Friday   ,22696
Michel DeFrance,Friday   ,30138
Morningstar Greene,Friday   ,18431
Reginald Blotchet-Halls,Friday   ,20928
Sheryl Hunter,Friday   ,20570
Stearns MacFeather,Friday   ,13522
Sylvia Panteley,Friday   ,21066
Abraham Bennet,Saturday ,52760
Albert Ringer,Saturday ,34810
Ann Dull,Saturday ,34518
Anne Ringer,Saturday ,7850
Burt Gringlesby,Saturday ,21625
Charlene Locksley,Saturday ,31459
Cheryl Carson,Saturday ,14359
Dean Straight,Saturday ,19275
Dirk Stringer,Saturday ,22647
Heather McBadden,Saturday ,20046
Innes del Castillo,Saturday ,22696
Johnson White,Saturday ,32237
Livia Karsen,Saturday ,12477
Marjorie Green,Saturday ,30953
Meander Smith,Saturday ,9753
Michael O'Leary,Saturday ,31224
Michel DeFrance,Saturday ,30157
Morningstar Greene,Saturday ,16342
Reginald Blotchet-Halls,Saturday ,18434
Sheryl Hunter,Saturday ,18522
Stearns MacFeather,Saturday ,16840
Sylvia Panteley,Saturday ,17589
Abraham Bennet,Sunday   ,53257
Albert Ringer,Sunday   ,41857
Ann Dull,Sunday   ,29865
Anne Ringer,Sunday   ,10511
Burt Gringlesby,Sunday   ,33006
Charlene Locksley,Sunday   ,23529
Cheryl Carson,Sunday   ,14483
Dean Straight,Sunday   ,21500
Dirk Stringer,Sunday   ,15315
Heather McBadden,Sunday   ,20570
Innes del Castillo,Sunday   ,16500
Johnson White,Sunday   ,29531
Livia Karsen,Sunday   ,14774
Marjorie Green,Sunday   ,37600
Meander Smith,Sunday   ,11228
Michael O'Leary,Sunday   ,23556
Michel DeFrance,Sunday   ,27071
Morningstar Greene,Sunday   ,13400
Reginald Blotchet-Halls,Sunday   ,19879
Sheryl Hunter,Sunday   ,14854
Stearns MacFeather,Sunday   ,21512
Sylvia Panteley,Sunday   ,19192
Abraham Bennet,Monday   ,44728
Albert Ringer,Monday   ,29642
Ann Dull,Monday   ,41512
Anne Ringer,Monday   ,9742
Burt Gringlesby,Monday   ,23450
Charlene Locksley,Monday   ,27981
Cheryl Carson,Monday   ,13859
Dean Straight,Monday   ,18044
Dirk Stringer,Monday   ,17175
Heather McBadden,Monday   ,15426
Innes del Castillo,Monday   ,28864
Johnson White,Monday   ,36420
Livia Karsen,Monday   ,11110
Marjorie Green,Monday   ,31440
Meander Smith,Monday   ,9147
Michael O'Leary,Monday   ,17979
Michel DeFrance,Monday   ,30388
Morningstar Greene,Monday   ,18314
Reginald Blotchet-Halls,Monday   ,29077
Sheryl Hunter,Monday   ,15781
Stearns MacFeather,Monday   ,17455
Sylvia Panteley,Monday   ,21485
Abraham Bennet,Tuesday  ,49111
Albert Ringer,Tuesday  ,33625
Ann Dull,Tuesday  ,36829
Anne Ringer,Tuesday  ,11590
Burt Gringlesby,Tuesday  ,23638
Charlene Locksley,Tuesday  ,24769
Cheryl Carson,Tuesday  ,16309
Dean Straight,Tuesday  ,18432
Dirk Stringer,Tuesday  ,18906
Heather McBadden,Tuesday  ,15943
Innes del Castillo,Tuesday  ,31881
Johnson White,Tuesday  ,39408
Livia Karsen,Tuesday  ,13361
Marjorie Green,Tuesday  ,30801
Meander Smith,Tuesday  ,12646
Michael O'Leary,Tuesday  ,26918
Michel DeFrance,Tuesday  ,25549
Morningstar Greene,Tuesday  ,14077
Reginald Blotchet-Halls,Tuesday  ,20909
Sheryl Hunter,Tuesday  ,15826
Stearns MacFeather,Tuesday  ,24675
Sylvia Panteley,Tuesday  ,16798
Abraham Bennet,Wednesday,44918
Albert Ringer,Wednesday,43277
Ann Dull,Wednesday,28869
Anne Ringer,Wednesday,14177
Burt Gringlesby,Wednesday,25473
Charlene Locksley,Wednesday,31735
Cheryl Carson,Wednesday,16243
Dean Straight,Wednesday,15486
Dirk Stringer,Wednesday,14163
Heather McBadden,Wednesday,17198
Innes del Castillo,Wednesday,24548
Johnson White,Wednesday,29877
Livia Karsen,Wednesday,12142
Marjorie Green,Wednesday,24606
Meander Smith,Wednesday,7032
Michael O'Leary,Wednesday,29064
Michel DeFrance,Wednesday,21941
Morningstar Greene,Wednesday,18126
Reginald Blotchet-Halls,Wednesday,20395
Sheryl Hunter,Wednesday,14249
Stearns MacFeather,Wednesday,11446
Sylvia Panteley,Wednesday,20181
Abraham Bennet,Thursday ,52218
Albert Ringer,Thursday ,41442
Ann Dull,Thursday ,35358
Anne Ringer,Thursday ,8796
Burt Gringlesby,Thursday ,22604
Charlene Locksley,Thursday ,25059
Cheryl Carson,Thursday ,11004
Dean Straight,Thursday ,18478
Dirk Stringer,Thursday ,17139
Heather McBadden,Thursday ,27293
Innes del Castillo,Thursday ,29955
Johnson White,Thursday ,37730
Livia Karsen,Thursday ,18774
Marjorie Green,Thursday ,35733
Meander Smith,Thursday ,12286
Michael O'Leary,Thursday ,24466
Michel DeFrance,Thursday ,29138
Morningstar Greene,Thursday ,19185
Reginald Blotchet-Halls,Thursday ,16674
Sheryl Hunter,Thursday ,19577
Stearns MacFeather,Thursday ,13312
Sylvia Panteley,Thursday ,14140
Abraham Bennet,Friday   ,52430
Albert Ringer,Friday   ,35568
Ann Dull,Friday   ,34300
Anne Ringer,Friday   ,8870
Burt Gringlesby,Friday   ,28513
Charlene Locksley,Friday   ,30366
Cheryl Carson,Friday   ,16712
Dean Straight,Friday   ,25110
Dirk Stringer,Friday   ,24291
Heather McBadden,Friday   ,18113
Innes del Castillo,Friday   ,24628
Johnson White,Friday   ,34261
Livia Karsen,Friday   ,11766
Marjorie Green,Friday   ,31691
Meander Smith,Friday   ,7687
Michael O'Leary,Friday   ,19371
Michel DeFrance,Friday   ,31185
Morningstar Greene,Friday   ,20712
Reginald Blotchet-Halls,Friday   ,17123
Sheryl Hunter,Friday   ,17828
Stearns MacFeather,Friday   ,15185
Sylvia Panteley,Friday   ,19227
Abraham Bennet,Saturday ,48812
Albert Ringer,Saturday ,23216
Ann Dull,Saturday ,30566
Anne Ringer,Saturday ,13364
Burt Gringlesby,Saturday ,19988
Charlene Locksley,Saturday ,20560
Cheryl Carson,Saturday ,13437
Dean Straight,Saturday ,18427
Dirk Stringer,Saturday ,17562
Heather McBadden,Saturday ,22498
Innes del Castillo,Saturday ,19584
Johnson White,Saturday ,32725
Livia Karsen,Saturday ,14510
Marjorie Green,Saturday ,32174
Meander Smith,Saturday ,9132
Michael O'Leary,Saturday ,19915
Michel DeFrance,Saturday ,21853
Morningstar Greene,Saturday ,15972
Reginald Blotchet-Halls,Saturday ,23874
Sheryl Hunter,Saturday ,17798
Stearns MacFeather,Saturday ,22385
Sylvia Panteley,Saturday ,20747
Abraham Bennet,Sunday   ,57330
Albert Ringer,Sunday   ,31406
Ann Dull,Sunday   ,31280
Anne Ringer,Sunday   ,10703
Burt Gringlesby,Sunday   ,17500
Charlene Locksley,Sunday   ,27778
Cheryl Carson,Sunday   ,16343
Dean Straight,Sunday   ,22106
Dirk Stringer,Sunday   ,25608
Heather McBadden,Sunday   ,18846
Innes del Castillo,Sunday   ,19349
Johnson White,Sunday   ,31803
Livia Karsen,Sunday   ,12304
Marjorie Green,Sunday   ,31468
Meander Smith,Sunday   ,9787
Michael O'Leary,Sunday   ,22420
Michel DeFrance,Sunday   ,31476
Morningstar Greene,Sunday   ,19751
Reginald Blotchet-Halls,Sunday   ,17763
Sheryl Hunter,Sunday   ,13466
Stearns MacFeather,Sunday   ,20188
Sylvia Panteley,Sunday   ,16106
Abraham Bennet,Monday   ,59756
Albert Ringer,Monday   ,40535
Ann Dull,Monday   ,38245
Anne Ringer,Monday   ,9402
Burt Gringlesby,Monday   ,24461
Charlene Locksley,Monday   ,19385
Cheryl Carson,Monday   ,18049
Dean Straight,Monday   ,19427
Dirk Stringer,Monday   ,20838
Heather McBadden,Monday   ,18780
Innes del Castillo,Monday   ,24392
Johnson White,Monday   ,35960
Livia Karsen,Monday   ,15429
Marjorie Green,Monday   ,25011
Meander Smith,Monday   ,9814
Michael O'Leary,Monday   ,23961
Michel DeFrance,Monday   ,32381
Morningstar Greene,Monday   ,12693
Reginald Blotchet-Halls,Monday   ,15271
Sheryl Hunter,Monday   ,16514
Stearns MacFeather,Monday   ,15648
Sylvia Panteley,Monday   ,17962
Abraham Bennet,Tuesday  ,55925
Albert Ringer,Tuesday  ,28227
Ann Dull,Tuesday  ,27949
Anne Ringer,Tuesday  ,8737
Burt Gringlesby,Tuesday  ,20889
Charlene Locksley,Tuesday  ,22815
Cheryl Carson,Tuesday  ,14624
Dean Straight,Tuesday  ,26789
Dirk Stringer,Tuesday  ,15648
Heather McBadden,Tuesday  ,24630
Innes del Castillo,Tuesday  ,22543
Johnson White,Tuesday  ,29554
Livia Karsen,Tuesday  ,6454
Marjorie Green,Tuesday  ,26185
Meander Smith,Tuesday  ,11228
Michael O'Leary,Tuesday  ,23385
Michel DeFrance,Tuesday  ,21492
Morningstar Greene,Tuesday  ,17807
Reginald Blotchet-Halls,Tuesday  ,21520
Sheryl Hunter,Tuesday  ,19048
Stearns MacFeather,Tuesday  ,17956
Sylvia Panteley,Tuesday  ,21986
Abraham Bennet,Wednesday,53040
Albert Ringer,Wednesday,42564
Ann Dull,Wednesday,30382
Anne Ringer,Wednesday,6475
Burt Gringlesby,Wednesday,25344
Charlene Locksley,Wednesday,21929
Cheryl Carson,Wednesday,18598
Dean Straight,Wednesday,22057
Dirk Stringer,Wednesday,26571
Heather McBadden,Wednesday,18799
Innes del Castillo,Wednesday,28402
Johnson White,Wednesday,26793
Livia Karsen,Wednesday,10647
Marjorie Green,Wednesday,26822
Meander Smith,Wednesday,11132
Michael O'Leary,Wednesday,23219
Michel DeFrance,Wednesday,23175
Morningstar Greene,Wednesday,17791
Reginald Blotchet-Halls,Wednesday,22218
Sheryl Hunter,Wednesday,16382
Stearns MacFeather,Wednesday,20552
Sylvia Panteley,Wednesday,20526
Abraham Bennet,Thursday ,64205
Albert Ringer,Thursday ,42501
Ann Dull,Thursday ,33511
Anne Ringer,Thursday ,11797
Burt Gringlesby,Thursday ,20438
Charlene Locksley,Thursday ,24059
Cheryl Carson,Thursday ,18144
Dean Straight,Thursday ,17726
Dirk Stringer,Thursday ,20943
Heather McBadden,Thursday ,18136
Innes del Castillo,Thursday ,16515
Johnson White,Thursday ,31802
Livia Karsen,Thursday ,14867
Marjorie Green,Thursday ,31392
Meander Smith,Thursday ,9354
Michael O'Leary,Thursday ,27294
Michel DeFrance,Thursday ,28126
Morningstar Greene,Thursday ,15766
Reginald Blotchet-Halls,Thursday ,19308
Sheryl Hunter,Thursday ,19583
Stearns MacFeather,Thursday ,14336
Sylvia Panteley,Thursday ,25831
Abraham Bennet,Friday   ,51873
Albert Ringer,Friday   ,38942
Ann Dull,Friday   ,41966
Anne Ringer,Friday   ,9121
Burt Gringlesby,Friday   ,20700
Charlene Locksley,Friday   ,29397
Cheryl Carson,Friday   ,9638
Dean Straight,Friday   ,14811
Dirk Stringer,Friday   ,13473
Heather McBadden,Friday   ,12090
Innes del Castillo,Friday   ,22632
Johnson White,Friday   ,37518
Livia Karsen,Friday   ,11648
Marjorie Green,Friday   ,36370
Meander Smith,Friday   ,11707
Michael O'Leary,Friday   ,22250
Michel DeFrance,Friday   ,30603
Morningstar Greene,Friday   ,15511
Reginald Blotchet-Halls,Friday   ,17690
Sheryl Hunter,Friday   ,18877
Stearns MacFeather,Friday   ,20709
Sylvia Panteley,Friday   ,18863
Abraham Bennet,Saturday ,44432
Albert Ringer,Saturday ,33849
Ann Dull,Saturday ,39240
Anne Ringer,Saturday ,11043
Burt Gringlesby,Saturday ,16507
Charlene Locksley,Saturday ,24424
Cheryl Carson,Saturday ,13842
Dean Straight,Saturday ,21330
Dirk Stringer,Saturday ,18774
Heather McBadden,Saturday ,20483
Innes del Castillo,Saturday ,27244
Johnson White,Saturday ,31390
Livia Karsen,Saturday ,12477
Marjorie Green,Saturday ,30953
Meander Smith,Saturday ,11780
Michael O'Leary,Saturday ,17389
Michel DeFrance,Saturday ,31381
Morningstar Greene,Saturday ,13726
Reginald Blotchet-Halls,Saturday ,19341
Sheryl Hunter,Saturday ,13233
Stearns MacFeather,Saturday ,19241
Sylvia Panteley,Saturday ,14287
Abraham Bennet,Sunday   ,52990
Albert Ringer,Sunday   ,36194
Ann Dull,Sunday   ,31170
Anne Ringer,Sunday   ,15064
Burt Gringlesby,Sunday   ,24688
Charlene Locksley,Sunday   ,21237
Cheryl Carson,Sunday   ,15774
Dean Straight,Sunday   ,22194
Dirk Stringer,Sunday   ,12294
Heather McBadden,Sunday   ,19526
Innes del Castillo,Sunday   ,20077
Johnson White,Sunday   ,28769
Livia Karsen,Sunday   ,7064
Marjorie Green,Sunday   ,38115
Meander Smith,Sunday   ,10228
Michael O'Leary,Sunday   ,27285
Michel DeFrance,Sunday   ,26944
Morningstar Greene,Sunday   ,15794
Reginald Blotchet-Halls,Sunday   ,20134
Sheryl Hunter,Sunday   ,18226
Stearns MacFeather,Sunday   ,11179
Sylvia Panteley,Sunday   ,21595
Abraham Bennet,Monday   ,46436
Albert Ringer,Monday   ,32332
Ann Dull,Monday   ,36157
Anne Ringer,Monday   ,7096
Burt Gringlesby,Monday   ,26517
Charlene Locksley,Monday   ,33981
Cheryl Carson,Monday   ,17658
Dean Straight,Monday   ,24673
Dirk Stringer,Monday   ,17220
Heather McBadden,Monday   ,22654
Innes del Castillo,Monday   ,20256
Johnson White,Monday   ,30272
Livia Karsen,Monday   ,13234
Marjorie Green,Monday   ,35827
Meander Smith,Monday   ,7400
Michael O'Leary,Monday   ,19671
Michel DeFrance,Monday   ,25169
Morningstar Greene,Monday   ,16662
Reginald Blotchet-Halls,Monday   ,16703
Sheryl Hunter,Monday   ,20142
Stearns MacFeather,Monday   ,14173
Sylvia Panteley,Monday   ,17877
Abraham Bennet,Tuesday  ,44376
Albert Ringer,Tuesday  ,34378
Ann Dull,Tuesday  ,36703
Anne Ringer,Tuesday  ,8796
Burt Gringlesby,Tuesday  ,20406
Charlene Locksley,Tuesday  ,20732
Cheryl Carson,Tuesday  ,20418
Dean Straight,Tuesday  ,21902
Dirk Stringer,Tuesday  ,15648
Heather McBadden,Tuesday  ,19560
Innes del Castillo,Tuesday  ,22479
Johnson White,Tuesday  ,27692
Livia Karsen,Tuesday  ,11603
Marjorie Green,Tuesday  ,37992
Meander Smith,Tuesday  ,9293
Michael O'Leary,Tuesday  ,28076
Michel DeFrance,Tuesday  ,22616
Morningstar Greene,Tuesday  ,17305
Reginald Blotchet-Halls,Tuesday  ,16423
Sheryl Hunter,Tuesday  ,18367
Stearns MacFeather,Tuesday  ,15289
Sylvia Panteley,Tuesday  ,23504
Abraham Bennet,Wednesday,44862
Albert Ringer,Wednesday,32533
Ann Dull,Wednesday,29134
Anne Ringer,Wednesday,8855
Burt Gringlesby,Wednesday,24305
Charlene Locksley,Wednesday,27302
Cheryl Carson,Wednesday,13255
Dean Straight,Wednesday,15538
Dirk Stringer,Wednesday,11265
Heather McBadden,Wednesday,14312
Innes del Castillo,Wednesday,25527
Johnson White,Wednesday,16806
Livia Karsen,Wednesday,8787
Marjorie Green,Wednesday,27713
Meander Smith,Wednesday,8887
Michael O'Leary,Wednesday,22436
Michel DeFrance,Wednesday,31554
Morningstar Greene,Wednesday,25903
Reginald Blotchet-Halls,Wednesday,12840
Sheryl Hunter,Wednesday,16346
Stearns MacFeather,Wednesday,13397
Sylvia Panteley,Wednesday,22589
Abraham Bennet,Thursday ,40381
Albert Ringer,Thursday ,29291
Ann Dull,Thursday ,38038
Anne Ringer,Thursday ,14857
Burt Gringlesby,Thursday ,23795
Charlene Locksley,Thursday ,21929
Cheryl Carson,Thursday ,11881
Dean Straight,Thursday ,18450
Dirk Stringer,Thursday ,13209
Heather McBadden,Thursday ,16748
Innes del Castillo,Thursday ,24142
Johnson White,Thursday ,32967
Livia Karsen,Thursday ,10490
Marjorie Green,Thursday ,23580
Meander Smith,Thursday ,16827
Michael O'Leary,Thursday ,23036
Michel DeFrance,Thursday ,34686
Morningstar Greene,Thursday ,12649
Reginald Blotchet-Halls,Thursday ,20213
Sheryl Hunter,Thursday ,18318
Stearns MacFeather,Thursday ,9809
Sylvia Panteley,Thursday ,20894
Abraham Bennet,Friday   ,54255
Albert Ringer,Friday   ,36178
Ann Dull,Friday   ,30843
Anne Ringer,Friday   ,14665
Burt Gringlesby,Friday   ,20875
Charlene Locksley,Friday   ,21871
Cheryl Carson,Friday   ,21744
Dean Straight,Friday   ,19806
Dirk Stringer,Friday   ,12327
Heather McBadden,Friday   ,14374
Innes del Castillo,Friday   ,27602
Johnson White,Friday   ,33459
Livia Karsen,Friday   ,13570
Marjorie Green,Friday   ,28526
Meander Smith,Friday   ,8446
Michael O'Leary,Friday   ,18029
Michel DeFrance,Friday   ,28766
Morningstar Greene,Friday   ,12449
Reginald Blotchet-Halls,Friday   ,21566
Sheryl Hunter,Friday   ,17131
Stearns MacFeather,Friday   ,13709
Sylvia Panteley,Friday   ,24256
Abraham Bennet,Saturday ,45237
Albert Ringer,Saturday ,25974
Ann Dull,Saturday ,36191
Anne Ringer,Saturday ,11797
Burt Gringlesby,Saturday ,22181
Charlene Locksley,Saturday ,24265
Cheryl Carson,Saturday ,18518
Dean Straight,Saturday ,14727
Dirk Stringer,Saturday ,18573
Heather McBadden,Saturday ,21813
Innes del Castillo,Saturday ,21715
Johnson White,Saturday ,33666
Livia Karsen,Saturday ,17784
Marjorie Green,Saturday ,21048
Meander Smith,Saturday ,14328
Michael O'Leary,Saturday ,22979
Michel DeFrance,Saturday ,31530
Morningstar Greene,Saturday ,20151
Reginald Blotchet-Halls,Saturday ,23855
Sheryl Hunter,Saturday ,15945
Stearns MacFeather,Saturday ,16058
Sylvia Panteley,Saturday ,21147
Abraham Bennet,Sunday   ,41675
Albert Ringer,Sunday   ,31418
Ann Dull,Sunday   ,31940
Anne Ringer,Sunday   ,12211
Burt Gringlesby,Sunday   ,21666
Charlene Locksley,Sunday   ,23462
Cheryl Carson,Sunday   ,12677
Dean Straight,Sunday   ,21660
Dirk Stringer,Sunday   ,16233
Heather McBadden,Sunday   ,17189
Innes del Castillo,Sunday   ,31887
Johnson White,Sunday   ,38576
Livia Karsen,Sunday   ,15923
Marjorie Green,Sunday   ,33376
Meander Smith,Sunday   ,7687
Michael O'Leary,Sunday   ,20936
Michel DeFrance,Sunday   ,36108
Morningstar Greene,Sunday   ,22499
Reginald Blotchet-Halls,Sunday   ,17669
Sheryl Hunter,Sunday   ,15080
Stearns MacFeather,Sunday   ,17454
Sylvia Panteley,Sunday   ,25033
Abraham Bennet,Monday   ,42405
Albert Ringer,Monday   ,40425
Ann Dull,Monday   ,43790
Anne Ringer,Monday   ,8249
Burt Gringlesby,Monday   ,19016
Charlene Locksley,Monday   ,24095
Cheryl Carson,Monday   ,17226
Dean Straight,Monday   ,20965
Dirk Stringer,Monday   ,10020
Heather McBadden,Monday   ,19130
Innes del Castillo,Monday   ,28458
Johnson White,Monday   ,40302
Livia Karsen,Monday   ,11684
Marjorie Green,Monday   ,37799
Meander Smith,Monday   ,13439
Michael O'Leary,Monday   ,20922
Michel DeFrance,Monday   ,26323
Morningstar Greene,Monday   ,23564
Reginald Blotchet-Halls,Monday   ,17094
Sheryl Hunter,Monday   ,19586
Stearns MacFeather,Monday   ,17865
Sylvia Panteley,Monday   ,21938
Abraham Bennet,Tuesday  ,46665
Albert Ringer,Tuesday  ,20651
Ann Dull,Tuesday  ,36106
Anne Ringer,Tuesday  ,13039
Burt Gringlesby,Tuesday  ,24388
Charlene Locksley,Tuesday  ,26529
Cheryl Carson,Tuesday  ,9186
Dean Straight,Tuesday  ,15757
Dirk Stringer,Tuesday  ,14814
Heather McBadden,Tuesday  ,16144
Innes del Castillo,Tuesday  ,26455
Johnson White,Tuesday  ,24540
Livia Karsen,Tuesday  ,12304
Marjorie Green,Tuesday  ,35356
Meander Smith,Tuesday  ,12420
Michael O'Leary,Tuesday  ,19293
Michel DeFrance,Tuesday  ,24939
Morningstar Greene,Tuesday  ,14425
Reginald Blotchet-Halls,Tuesday  ,25926
Sheryl Hunter,Tuesday  ,18085
Stearns MacFeather,Tuesday  ,19313
Sylvia Panteley,Tuesday  ,24976
Abraham Bennet,Wednesday,45302
Albert Ringer,Wednesday,32815
Ann Dull,Wednesday,39844
Anne Ringer,Wednesday,8190
Burt Gringlesby,Wednesday,20171
Charlene Locksley,Wednesday,21560
Cheryl Carson,Wednesday,14066
Dean Straight,Wednesday,15955
Dirk Stringer,Wednesday,15654
Heather McBadden,Wednesday,24192
Innes del Castillo,Wednesday,23677
Johnson White,Wednesday,41035
Livia Karsen,Wednesday,14556
Marjorie Green,Wednesday,22612
Meander Smith,Wednesday,9059
Michael O'Leary,Wednesday,21056
Michel DeFrance,Wednesday,31369
Morningstar Greene,Wednesday,16339
Reginald Blotchet-Halls,Wednesday,24451
Sheryl Hunter,Wednesday,22551
Stearns MacFeather,Wednesday,17897
Sylvia Panteley,Wednesday,21552
Abraham Bennet,Thursday ,50065
Albert Ringer,Thursday ,31798
Ann Dull,Thursday ,34477
Anne Ringer,Thursday ,13364
Burt Gringlesby,Thursday ,21215
Charlene Locksley,Thursday ,23101
Cheryl Carson,Thursday ,17986
Dean Straight,Thursday ,24426
Dirk Stringer,Thursday ,12720
Heather McBadden,Thursday ,14290
Innes del Castillo,Thursday ,25450
Johnson White,Thursday ,29114
Livia Karsen,Thursday ,11303
Marjorie Green,Thursday ,35715
Meander Smith,Thursday ,11868
Michael O'Leary,Thursday ,15250
Michel DeFrance,Thursday ,29905
Morningstar Greene,Thursday ,15955
Reginald Blotchet-Halls,Thursday ,16314
Sheryl Hunter,Thursday ,14903
Stearns MacFeather,Thursday ,10989
Sylvia Panteley,Thursday ,17527
Abraham Bennet,Friday   ,54239
Albert Ringer,Friday   ,32332
Ann Dull,Friday   ,33086
Anne Ringer,Friday   ,11797
Burt Gringlesby,Friday   ,26393
Charlene Locksley,Friday   ,19674
Cheryl Carson,Friday   ,16806
Dean Straight,Friday   ,21503
Dirk Stringer,Friday   ,13536
Heather McBadden,Friday   ,20668
Innes del Castillo,Friday   ,29479
Johnson White,Friday   ,33254
Livia Karsen,Friday   ,17036
Marjorie Green,Friday   ,24351
Meander Smith,Friday   ,12581
Michael O'Leary,Friday   ,19218
Michel DeFrance,Friday   ,27628
Morningstar Greene,Friday   ,14665
Reginald Blotchet-Halls,Friday   ,22440
Sheryl Hunter,Friday   ,19195
Stearns MacFeather,Friday   ,13253
Sylvia Panteley,Friday   ,19668
Abraham Bennet,Saturday ,49993
Albert Ringer,Saturday ,28164
Ann Dull,Saturday ,41420
Anne Ringer,Saturday ,9757
Burt Gringlesby,Saturday ,18177
Charlene Locksley,Saturday ,25034
Cheryl Carson,Saturday ,19564
Dean Straight,Saturday ,24771
Dirk Stringer,Saturday ,14268
Heather McBadden,Saturday ,19085
Innes del Castillo,Saturday ,15647
Johnson White,Saturday ,26774
Livia Karsen,Saturday ,9600
Marjorie Green,Saturday ,25828
Meander Smith,Saturday ,10358
Michael O'Leary,Saturday ,19892
Michel DeFrance,Saturday ,31070
Morningstar Greene,Saturday ,13087
Reginald Blotchet-Halls,Saturday ,26286
Sheryl Hunter,Saturday ,20152
Stearns MacFeather,Saturday ,16866
Sylvia Panteley,Saturday ,18886
Abraham Bennet,Sunday   ,50826
Albert Ringer,Sunday   ,30612
Ann Dull,Sunday   ,30025
Anne Ringer,Sunday   ,13852
Burt Gringlesby,Sunday   ,15522
Charlene Locksley,Sunday   ,19120
Cheryl Carson,Sunday   ,21402
Dean Straight,Sunday   ,17831
Dirk Stringer,Sunday   ,18960
Heather McBadden,Sunday   ,18343
Innes del Castillo,Sunday   ,19385
Johnson White,Sunday   ,31324
Livia Karsen,Sunday   ,10373
Marjorie Green,Sunday   ,28015
Meander Smith,Sunday   ,11646
Michael O'Leary,Sunday   ,22864
Michel DeFrance,Sunday   ,19886
Morningstar Greene,Sunday   ,20182
Reginald Blotchet-Halls,Sunday   ,23997
Sheryl Hunter,Sunday   ,20061
Stearns MacFeather,Sunday   ,15601
Sylvia Panteley,Sunday   ,20443
Abraham Bennet,Monday   ,45108
Albert Ringer,Monday   ,20594
Ann Dull,Monday   ,32591
Anne Ringer,Monday   ,9062
Burt Gringlesby,Monday   ,18687
Charlene Locksley,Monday   ,22458
Cheryl Carson,Monday   ,15340
Dean Straight,Monday   ,17708
Dirk Stringer,Monday   ,14721
Heather McBadden,Monday   ,19094
Innes del Castillo,Monday   ,22448
Johnson White,Monday   ,27394
Livia Karsen,Monday   ,10983
Marjorie Green,Monday   ,34065
Meander Smith,Monday   ,12922
Michael O'Leary,Monday   ,20352
Michel DeFrance,Monday   ,25031
Morningstar Greene,Monday   ,14083
Reginald Blotchet-Halls,Monday   ,26849
Sheryl Hunter,Monday   ,16428
Stearns MacFeather,Monday   ,16130
Sylvia Panteley,Monday   ,18454
Abraham Bennet,Tuesday  ,41891
Albert Ringer,Tuesday  ,40172
Ann Dull,Tuesday  ,37094
Anne Ringer,Tuesday  ,11324
Burt Gringlesby,Tuesday  ,21731
Charlene Locksley,Tuesday  ,18763
Cheryl Carson,Tuesday  ,14187
Dean Straight,Tuesday  ,18901
Dirk Stringer,Tuesday  ,16401
Heather McBadden,Tuesday  ,21103
Innes del Castillo,Tuesday  ,18465
Johnson White,Tuesday  ,38673
Livia Karsen,Tuesday  ,8340
Marjorie Green,Tuesday  ,42728
Meander Smith,Tuesday  ,12761
Michael O'Leary,Tuesday  ,23515
Michel DeFrance,Tuesday  ,37757
Morningstar Greene,Tuesday  ,19712
Reginald Blotchet-Halls,Tuesday  ,20119
Sheryl Hunter,Tuesday  ,20284
Stearns MacFeather,Tuesday  ,19599
Sylvia Panteley,Tuesday  ,19199
Abraham Bennet,Wednesday,48664
Albert Ringer,Wednesday,33051
Ann Dull,Wednesday,37825
Anne Ringer,Wednesday,9136
Burt Gringlesby,Wednesday,29447
Charlene Locksley,Wednesday,28671
Cheryl Carson,Wednesday,13966
Dean Straight,Wednesday,21402
Dirk Stringer,Wednesday,11817
Heather McBadden,Wednesday,16517
Innes del Castillo,Wednesday,25887
Johnson White,Wednesday,36490
Livia Karsen,Wednesday,11293
Marjorie Green,Wednesday,29975
Meander Smith,Wednesday,10385
Michael O'Leary,Wednesday,21003
Michel DeFrance,Wednesday,19862
Morningstar Greene,Wednesday,13806
Reginald Blotchet-Halls,Wednesday,24060
Sheryl Hunter,Wednesday,18262
Stearns MacFeather,Wednesday,19977
Sylvia Panteley,Wednesday,18033
Abraham Bennet,Thursday ,49729
Albert Ringer,Thursday ,29459
Ann Dull,Thursday ,32125
Anne Ringer,Thursday ,13305
Burt Gringlesby,Thursday ,23317
Charlene Locksley,Thursday ,26751
Cheryl Carson,Thursday ,20419
Dean Straight,Thursday ,21629
Dirk Stringer,Thursday ,14889
Heather McBadden,Thursday ,22724
Innes del Castillo,Thursday ,25810
Johnson White,Thursday ,27533
Livia Karsen,Thursday ,13107
Marjorie Green,Thursday ,34151
Meander Smith,Thursday ,7668
Michael O'Leary,Thursday ,17455
Michel DeFrance,Thursday ,26542
Morningstar Greene,Thursday ,16278
Reginald Blotchet-Halls,Thursday ,16661
Sheryl Hunter,Thursday ,18926
Stearns MacFeather,Thursday ,16377
Sylvia Panteley,Thursday ,21510
Abraham Bennet,Friday   ,49114
Albert Ringer,Friday   ,31244
Ann Dull,Friday   ,35518
Anne Ringer,Friday   ,15271
Burt Gringlesby,Friday   ,17257
Charlene Locksley,Friday   ,26567
Cheryl Carson,Friday   ,11849
Dean Straight,Friday   ,16636
Dirk Stringer,Friday   ,19686
Heather McBadden,Friday   ,17266
Innes del Castillo,Friday   ,22341
Johnson White,Friday   ,31043
Livia Karsen,Friday   ,15486
Marjorie Green,Friday   ,27500
Meander Smith,Friday   ,12673
Michael O'Leary,Friday   ,25117
Michel DeFrance,Friday   ,26852
Morningstar Greene,Friday   ,15219
Reginald Blotchet-Halls,Friday   ,27798
Sheryl Hunter,Friday   ,18883
Stearns MacFeather,Friday   ,17891
Sylvia Panteley,Friday   ,18330
Abraham Bennet,Saturday ,41027
Albert Ringer,Saturday ,28153
Ann Dull,Saturday ,28604
Anne Ringer,Saturday ,7968
Burt Gringlesby,Saturday ,24194
Charlene Locksley,Saturday ,27707
Cheryl Carson,Saturday ,13626
Dean Straight,Saturday ,20387
Dirk Stringer,Saturday ,20307
Heather McBadden,Saturday ,17920
Innes del Castillo,Saturday ,19737
Johnson White,Saturday ,30632
Livia Karsen,Saturday ,15338
Marjorie Green,Saturday ,36007
Meander Smith,Saturday ,15620
Michael O'Leary,Saturday ,21189
Michel DeFrance,Saturday ,22320
Morningstar Greene,Saturday ,18622
Reginald Blotchet-Halls,Saturday ,26054
Sheryl Hunter,Saturday ,17914
Stearns MacFeather,Saturday ,21816
Sylvia Panteley,Saturday ,20908
Abraham Bennet,Sunday   ,58892
Albert Ringer,Sunday   ,30969
Ann Dull,Sunday   ,25786
Anne Ringer,Sunday   ,13571
Burt Gringlesby,Sunday   ,18121
Charlene Locksley,Sunday   ,24865
Cheryl Carson,Sunday   ,13830
Dean Straight,Sunday   ,17294
Dirk Stringer,Sunday   ,13329
Heather McBadden,Sunday   ,10083
Innes del Castillo,Sunday   ,24707
Johnson White,Sunday   ,26180
Livia Karsen,Sunday   ,20380
Marjorie Green,Sunday   ,30360
Meander Smith,Sunday   ,7833
Michael O'Leary,Sunday   ,21425
Michel DeFrance,Sunday   ,25446
Morningstar Greene,Sunday   ,12484
Reginald Blotchet-Halls,Sunday   ,19103
Sheryl Hunter,Sunday   ,18495
Stearns MacFeather,Sunday   ,16097
Sylvia Panteley,Sunday   ,18026
Abraham Bennet,Monday   ,41472
Albert Ringer,Monday   ,37660
Ann Dull,Monday   ,36841
Anne Ringer,Monday   ,12684
Burt Gringlesby,Monday   ,25570
Charlene Locksley,Monday   ,19052
Cheryl Carson,Monday   ,17428
Dean Straight,Monday   ,19482
Dirk Stringer,Monday   ,21804
Heather McBadden,Monday   ,27638
Innes del Castillo,Monday   ,21669
Johnson White,Monday   ,38692
Livia Karsen,Monday   ,8731
Marjorie Green,Monday   ,32505
Meander Smith,Monday   ,9772
Michael O'Leary,Monday   ,27167
Michel DeFrance,Monday   ,29019
Morningstar Greene,Monday   ,16501
Reginald Blotchet-Halls,Monday   ,24936
Sheryl Hunter,Monday   ,12501
Stearns MacFeather,Monday   ,11551
Sylvia Panteley,Monday   ,25454
Abraham Bennet,Tuesday  ,59609
Albert Ringer,Tuesday  ,22026
Ann Dull,Tuesday  ,27143
Anne Ringer,Tuesday  ,11176
Burt Gringlesby,Tuesday  ,24402
Charlene Locksley,Tuesday  ,22631
Cheryl Carson,Tuesday  ,15170
Dean Straight,Tuesday  ,19645
Dirk Stringer,Tuesday  ,21453
Heather McBadden,Tuesday  ,19873
Innes del Castillo,Tuesday  ,20067
Johnson White,Tuesday  ,32057
Livia Karsen,Tuesday  ,12396
Marjorie Green,Tuesday  ,30134
Meander Smith,Tuesday  ,9592
Michael O'Leary,Tuesday  ,20320
Michel DeFrance,Tuesday  ,25572
Morningstar Greene,Tuesday  ,15687
Reginald Blotchet-Halls,Tuesday  ,17759
Sheryl Hunter,Tuesday  ,19235
Stearns MacFeather,Tuesday  ,16953
Sylvia Panteley,Tuesday  ,21174
Abraham Bennet,Wednesday,41577
Albert Ringer,Wednesday,33981
Ann Dull,Wednesday,34960
Anne Ringer,Wednesday,11531
Burt Gringlesby,Wednesday,19159
Charlene Locksley,Wednesday,26545
Cheryl Carson,Wednesday,15808
Dean Straight,Wednesday,23894
Dirk Stringer,Wednesday,13569
Heather McBadden,Wednesday,26888
Innes del Castillo,Wednesday,17481
Johnson White,Wednesday,32379
Livia Karsen,Wednesday,13133
Marjorie Green,Wednesday,27622
Meander Smith,Wednesday,10274
Michael O'Leary,Wednesday,19848
Michel DeFrance,Wednesday,29889
Morningstar Greene,Wednesday,18271
Reginald Blotchet-Halls,Wednesday,18200
Sheryl Hunter,Wednesday,21282
Stearns MacFeather,Wednesday,10617
Sylvia Panteley,Wednesday,16297
Abraham Bennet,Thursday ,56124
Albert Ringer,Thursday ,35919
Ann Dull,Thursday ,34771
Anne Ringer,Thursday ,12344
Burt Gringlesby,Thursday ,21390
Charlene Locksley,Thursday ,22699
Cheryl Carson,Thursday ,14391
Dean Straight,Thursday ,19743
Dirk Stringer,Thursday ,19686
Heather McBadden,Thursday ,24983
Innes del Castillo,Thursday ,27862
Johnson White,Thursday ,28102
Livia Karsen,Thursday ,12706
Marjorie Green,Thursday ,30367
Meander Smith,Thursday ,13167
Michael O'Leary,Thursday ,17112
Michel DeFrance,Thursday ,30997
Morningstar Greene,Thursday ,17751
Reginald Blotchet-Halls,Thursday ,17968
Sheryl Hunter,Thursday ,22551
Stearns MacFeather,Thursday ,10546
Sylvia Panteley,Thursday ,17040
Abraham Bennet,Friday   ,52521
Albert Ringer,Friday   ,26268
Ann Dull,Friday   ,37082
Anne Ringer,Friday   ,13852
Burt Gringlesby,Friday   ,22089
Charlene Locksley,Friday   ,24920
Cheryl Carson,Friday   ,15107
Dean Straight,Friday   ,27536
Dirk Stringer,Friday   ,16917
Heather McBadden,Friday   ,19968
Innes del Castillo,Friday   ,13697
Johnson White,Friday   ,32515
Livia Karsen,Friday   ,19156
Marjorie Green,Friday   ,26688
Meander Smith,Friday   ,9247
Michael O'Leary,Friday   ,24193
Michel DeFrance,Friday   ,36058
Morningstar Greene,Friday   ,16653
Reginald Blotchet-Halls,Friday   ,15534
Sheryl Hunter,Friday   ,18936
Stearns MacFeather,Friday   ,21014
Sylvia Panteley,Friday   ,15504
Abraham Bennet,Saturday ,40254
Albert Ringer,Saturday ,26716
Ann Dull,Saturday ,33897
Anne Ringer,Saturday ,10496
Burt Gringlesby,Saturday ,23887
Charlene Locksley,Saturday ,24000
Cheryl Carson,Saturday ,14774
Dean Straight,Saturday ,18257
Dirk Stringer,Saturday ,13053
Heather McBadden,Saturday ,21596
Innes del Castillo,Saturday ,24163
Johnson White,Saturday ,28612
Livia Karsen,Saturday ,10281
Marjorie Green,Saturday ,39199
Meander Smith,Saturday ,10546
Michael O'Leary,Saturday ,21522
Michel DeFrance,Saturday ,24138
Morningstar Greene,Saturday ,14988
Reginald Blotchet-Halls,Saturday ,21006
Sheryl Hunter,Saturday ,20800
Stearns MacFeather,Saturday ,15986
Sylvia Panteley,Saturday ,15483
Abraham Bennet,Sunday   ,59363
Albert Ringer,Sunday   ,30705
Ann Dull,Sunday   ,31159
Anne Ringer,Sunday   ,10984
Burt Gringlesby,Sunday   ,24973
Charlene Locksley,Sunday   ,22102
Cheryl Carson,Sunday   ,13019
Dean Straight,Sunday   ,19766
Dirk Stringer,Sunday   ,18024
Heather McBadden,Sunday   ,21362
Innes del Castillo,Sunday   ,25734
Johnson White,Sunday   ,27487
Livia Karsen,Sunday   ,11776
Marjorie Green,Sunday   ,33619
Meander Smith,Sunday   ,11033
Michael O'Leary,Sunday   ,14758
Michel DeFrance,Sunday   ,21231
Morningstar Greene,Sunday   ,19689
Reginald Blotchet-Halls,Sunday   ,17015
Sheryl Hunter,Sunday   ,19980
Stearns MacFeather,Sunday   ,12947
Sylvia Panteley,Sunday   ,21975
Abraham Bennet,Monday   ,52897
Albert Ringer,Monday   ,23313
Ann Dull,Monday   ,35443
Anne Ringer,Monday   ,10023
Burt Gringlesby,Monday   ,23579
Charlene Locksley,Monday   ,26738
Cheryl Carson,Monday   ,7630
Dean Straight,Monday   ,22348
Dirk Stringer,Monday   ,17787
Heather McBadden,Monday   ,19406
Innes del Castillo,Monday   ,20547
Johnson White,Monday   ,34311
Livia Karsen,Monday   ,12568
Marjorie Green,Monday   ,31210
Meander Smith,Monday   ,13152
Michael O'Leary,Monday   ,17084
Michel DeFrance,Monday   ,30794
Morningstar Greene,Monday   ,15136
Reginald Blotchet-Halls,Monday   ,27087
Sheryl Hunter,Monday   ,15695
Stearns MacFeather,Monday   ,23970
Sylvia Panteley,Monday   ,17918
Abraham Bennet,Tuesday  ,46753
Albert Ringer,Tuesday  ,34206
Ann Dull,Tuesday  ,34505
Anne Ringer,Tuesday  ,11383
Burt Gringlesby,Tuesday  ,23096
Charlene Locksley,Tuesday  ,31010
Cheryl Carson,Tuesday  ,9781
Dean Straight,Tuesday  ,22051
Dirk Stringer,Tuesday  ,16401
Heather McBadden,Tuesday  ,20713
Innes del Castillo,Tuesday  ,28576
Johnson White,Tuesday  ,24569
Livia Karsen,Tuesday  ,15740
Marjorie Green,Tuesday  ,33108
Meander Smith,Tuesday  ,14194
Michael O'Leary,Tuesday  ,15326
Michel DeFrance,Tuesday  ,27895
Morningstar Greene,Tuesday  ,11102
Reginald Blotchet-Halls,Tuesday  ,16971
Sheryl Hunter,Tuesday  ,17122
Stearns MacFeather,Tuesday  ,15654
Sylvia Panteley,Tuesday  ,15356
Abraham Bennet,Wednesday,44126
Albert Ringer,Wednesday,26147
Ann Dull,Wednesday,27736
Anne Ringer,Wednesday,12492
Burt Gringlesby,Wednesday,23050
Charlene Locksley,Wednesday,26175
Cheryl Carson,Wednesday,11461
Dean Straight,Wednesday,22575
Dirk Stringer,Wednesday,17016
Heather McBadden,Wednesday,16651
Innes del Castillo,Wednesday,23634
Johnson White,Wednesday,40214
Livia Karsen,Wednesday,14546
Marjorie Green,Wednesday,29911
Meander Smith,Wednesday,12780
Michael O'Leary,Wednesday,21019
Michel DeFrance,Wednesday,27634
Morningstar Greene,Wednesday,20889
Reginald Blotchet-Halls,Wednesday,15363
Sheryl Hunter,Wednesday,20573
Stearns MacFeather,Wednesday,14081
Sylvia Panteley,Wednesday,24095
Abraham Bennet,Thursday ,48563
Albert Ringer,Thursday ,29303
Ann Dull,Thursday ,31112
Anne Ringer,Thursday ,13290
Burt Gringlesby,Thursday ,25376
Charlene Locksley,Thursday ,25772
Cheryl Carson,Thursday ,11990
Dean Straight,Thursday ,22569
Dirk Stringer,Thursday ,20079
Heather McBadden,Thursday ,20195
Innes del Castillo,Thursday ,30768
Johnson White,Thursday ,29804
Livia Karsen,Thursday ,13408
Marjorie Green,Thursday ,27560
Meander Smith,Thursday ,10653
Michael O'Leary,Thursday ,20911
Michel DeFrance,Thursday ,32600
Morningstar Greene,Thursday ,14142
Reginald Blotchet-Halls,Thursday ,22421
Sheryl Hunter,Thursday ,10351
Stearns MacFeather,Thursday ,12021
Sylvia Panteley,Thursday ,18583
Abraham Bennet,Friday   ,53588
Albert Ringer,Friday   ,19278
Ann Dull,Friday   ,34086
Anne Ringer,Friday   ,10984
Burt Gringlesby,Friday   ,21142
Charlene Locksley,Friday   ,29883
Cheryl Carson,Friday   ,17896
Dean Straight,Friday   ,24009
Dirk Stringer,Friday   ,16173
Heather McBadden,Friday   ,18201
Innes del Castillo,Friday   ,16487
Johnson White,Friday   ,32704
Livia Karsen,Friday   ,8731
Marjorie Green,Friday   ,36153
Meander Smith,Friday   ,12060
Michael O'Leary,Friday   ,25978
Michel DeFrance,Friday   ,28692
Morningstar Greene,Friday   ,14837
Reginald Blotchet-Halls,Friday   ,20539
Sheryl Hunter,Friday   ,26492
Stearns MacFeather,Friday   ,20331
Sylvia Panteley,Friday   ,29326
Abraham Bennet,Saturday ,51975
Albert Ringer,Saturday ,34579
Ann Dull,Saturday ,29180
Anne Ringer,Saturday ,11930
Burt Gringlesby,Saturday ,19850
Charlene Locksley,Saturday ,21489
Cheryl Carson,Saturday ,18253
Dean Straight,Saturday ,11333
Dirk Stringer,Saturday ,11538
Heather McBadden,Saturday ,20295
Innes del Castillo,Saturday ,28540
Johnson White,Saturday ,37019
Livia Karsen,Saturday ,11604
Marjorie Green,Saturday ,34148
Meander Smith,Saturday ,12447
Michael O'Leary,Saturday ,19938
Michel DeFrance,Saturday ,24218
Morningstar Greene,Saturday ,18124
Reginald Blotchet-Halls,Saturday ,20303
Sheryl Hunter,Saturday ,17868
Stearns MacFeather,Saturday ,13800
Sylvia Panteley,Saturday ,20478
Abraham Bennet,Sunday   ,38393
Albert Ringer,Sunday   ,25112
Ann Dull,Sunday   ,26471
Anne Ringer,Sunday   ,8456
Burt Gringlesby,Sunday   ,28973
Charlene Locksley,Sunday   ,19766
Cheryl Carson,Sunday   ,14141
Dean Straight,Sunday   ,14756
Dirk Stringer,Sunday   ,16641
Heather McBadden,Sunday   ,14570
Innes del Castillo,Sunday   ,22170
Johnson White,Sunday   ,30471
Livia Karsen,Sunday   ,9615
Marjorie Green,Sunday   ,34238
Meander Smith,Sunday   ,10247
Michael O'Leary,Sunday   ,18515
Michel DeFrance,Sunday   ,27822
Morningstar Greene,Sunday   ,15410
Reginald Blotchet-Halls,Sunday   ,17437
Sheryl Hunter,Sunday   ,20145
Stearns MacFeather,Sunday   ,15686
Sylvia Panteley,Sunday   ,16858
Abraham Bennet,Monday   ,46766
Albert Ringer,Monday   ,24245
Ann Dull,Monday   ,31331
Anne Ringer,Monday   ,10097
Burt Gringlesby,Monday   ,19648
Charlene Locksley,Monday   ,23908
Cheryl Carson,Monday   ,15901
Dean Straight,Monday   ,19344
Dirk Stringer,Monday   ,17310
Heather McBadden,Monday   ,17637
Innes del Castillo,Monday   ,30080
Johnson White,Monday   ,39823
Livia Karsen,Monday   ,13946
Marjorie Green,Monday   ,25512
Meander Smith,Monday   ,9653
Michael O'Leary,Monday   ,22276
Michel DeFrance,Monday   ,30867
Morningstar Greene,Monday   ,22099
Reginald Blotchet-Halls,Monday   ,14602
Sheryl Hunter,Monday   ,17315
Stearns MacFeather,Monday   ,13548
Sylvia Panteley,Monday   ,19553
Abraham Bennet,Tuesday  ,51493
Albert Ringer,Tuesday  ,32602
Ann Dull,Tuesday  ,34011
Anne Ringer,Tuesday  ,14606
Burt Gringlesby,Tuesday  ,19464
Charlene Locksley,Tuesday  ,27753
Cheryl Carson,Tuesday  ,12803
Dean Straight,Tuesday  ,23966
Dirk Stringer,Tuesday  ,19080
Heather McBadden,Tuesday  ,24015
Innes del Castillo,Tuesday  ,22351
Johnson White,Tuesday  ,31987
Livia Karsen,Tuesday  ,13326
Marjorie Green,Tuesday  ,30366
Meander Smith,Tuesday  ,10799
Michael O'Leary,Tuesday  ,20085
Michel DeFrance,Tuesday  ,26661
Morningstar Greene,Tuesday  ,14115
Reginald Blotchet-Halls,Tuesday  ,15938
Sheryl Hunter,Tuesday  ,16787
Stearns MacFeather,Tuesday  ,16913
Sylvia Panteley,Tuesday  ,19618
Abraham Bennet,Wednesday,46120
Albert Ringer,Wednesday,33919
Ann Dull,Wednesday,34057
Anne Ringer,Wednesday,9210
Burt Gringlesby,Wednesday,26967
Charlene Locksley,Wednesday,26772
Cheryl Carson,Wednesday,13988
Dean Straight,Wednesday,21853
Dirk Stringer,Wednesday,16407
Heather McBadden,Wednesday,16953
Innes del Castillo,Wednesday,26370
Johnson White,Wednesday,26862
Livia Karsen,Wednesday,9087
Marjorie Green,Wednesday,28478
Meander Smith,Wednesday,9354
Michael O'Leary,Wednesday,23494
Michel DeFrance,Wednesday,25495
Morningstar Greene,Wednesday,18757
Reginald Blotchet-Halls,Wednesday,18229
Sheryl Hunter,Wednesday,12497
Stearns MacFeather,Wednesday,14173
Sylvia Panteley,Wednesday,17134
Abraham Bennet,Thursday ,53817
Albert Ringer,Thursday ,25433
Ann Dull,Thursday ,38538
Anne Ringer,Thursday ,8456
Burt Gringlesby,Thursday ,21666
Charlene Locksley,Thursday ,27212
Cheryl Carson,Thursday ,14150
Dean Straight,Thursday ,10594
Dirk Stringer,Thursday ,16815
Heather McBadden,Thursday ,20838
Innes del Castillo,Thursday ,23148
Johnson White,Thursday ,34262
Livia Karsen,Thursday ,10673
Marjorie Green,Thursday ,27378
Meander Smith,Thursday ,10941
Michael O'Leary,Thursday ,23897
Michel DeFrance,Thursday ,23206
Morningstar Greene,Thursday ,19154
Reginald Blotchet-Halls,Thursday ,22703
Sheryl Hunter,Thursday ,23254
Stearns MacFeather,Thursday ,20056
Sylvia Panteley,Thursday ,17525
Abraham Bennet,Friday   ,49825
Albert Ringer,Friday   ,34010
Ann Dull,Friday   ,35208
Anne Ringer,Friday   ,13985
Burt Gringlesby,Friday   ,21490
Charlene Locksley,Friday   ,21111
Cheryl Carson,Friday   ,12614
Dean Straight,Friday   ,21813
Dirk Stringer,Friday   ,13113
Heather McBadden,Friday   ,22636
Innes del Castillo,Friday   ,24380
Johnson White,Friday   ,40991
Livia Karsen,Friday   ,18428
Marjorie Green,Friday   ,33985
Meander Smith,Friday   ,9473
Michael O'Leary,Friday   ,19445
Michel DeFrance,Friday   ,22416
Morningstar Greene,Friday   ,13929
Reginald Blotchet-Halls,Friday   ,18779
Sheryl Hunter,Friday   ,22564
Stearns MacFeather,Friday   ,14179
Sylvia Panteley,Friday   ,16184
Abraham Bennet,Saturday ,49968
Albert Ringer,Saturday ,29078
Ann Dull,Saturday ,33171
Anne Ringer,Saturday ,11590
Burt Gringlesby,Saturday ,21156
Charlene Locksley,Saturday ,33680
Cheryl Carson,Saturday ,10621
Dean Straight,Saturday ,20163
Dirk Stringer,Saturday ,18672
Heather McBadden,Saturday ,19047
Innes del Castillo,Saturday ,21510
Johnson White,Saturday ,33549
Livia Karsen,Saturday ,9270
Marjorie Green,Saturday ,30368
Meander Smith,Saturday ,8580
Michael O'Leary,Saturday ,20779
Michel DeFrance,Saturday ,30821
Morningstar Greene,Saturday ,16847
Reginald Blotchet-Halls,Saturday ,19181
Sheryl Hunter,Saturday ,16297
Stearns MacFeather,Saturday ,13410
Sylvia Panteley,Saturday ,19311
Abraham Bennet,Sunday   ,52348
Albert Ringer,Sunday   ,31936
Ann Dull,Sunday   ,41949
Anne Ringer,Sunday   ,7362
Burt Gringlesby,Sunday   ,17068
Charlene Locksley,Sunday   ,25394
Cheryl Carson,Sunday   ,8766
Dean Straight,Sunday   ,19059
Dirk Stringer,Sunday   ,15915
Heather McBadden,Sunday   ,21013
Innes del Castillo,Sunday   ,18937
Johnson White,Sunday   ,26154
Livia Karsen,Sunday   ,14856
Marjorie Green,Sunday   ,24229
Meander Smith,Sunday   ,11646
Michael O'Leary,Sunday   ,17853
Michel DeFrance,Sunday   ,19939
Morningstar Greene,Sunday   ,15674
Reginald Blotchet-Halls,Sunday   ,13496
Sheryl Hunter,Sunday   ,15606
Stearns MacFeather,Sunday   ,19150
Sylvia Panteley,Sunday   ,24923
Abraham Bennet,Monday   ,55141
Albert Ringer,Monday   ,29492
Ann Dull,Monday   ,39723
Anne Ringer,Monday   ,12285
Burt Gringlesby,Monday   ,27782
Charlene Locksley,Monday   ,26382
Cheryl Carson,Monday   ,15375
Dean Straight,Monday   ,26676
Dirk Stringer,Monday   ,14052
Heather McBadden,Monday   ,21164
Innes del Castillo,Monday   ,26733
Johnson White,Monday   ,48342
Livia Karsen,Monday   ,8696
Marjorie Green,Monday   ,34238
Meander Smith,Monday   ,10473
Michael O'Leary,Monday   ,18129
Michel DeFrance,Monday   ,24502
Morningstar Greene,Monday   ,14819
Reginald Blotchet-Halls,Monday   ,18152
Sheryl Hunter,Monday   ,18962
Stearns MacFeather,Monday   ,19150
Sylvia Panteley,Monday   ,14287
Abraham Bennet,Tuesday  ,57355
Albert Ringer,Tuesday  ,32143
Ann Dull,Tuesday  ,27576
Anne Ringer,Tuesday  ,10097
Burt Gringlesby,Tuesday  ,23142
Charlene Locksley,Tuesday  ,24231
Cheryl Carson,Tuesday  ,12335
Dean Straight,Tuesday  ,23799
Dirk Stringer,Tuesday  ,18180
Heather McBadden,Tuesday  ,15937
Innes del Castillo,Tuesday  ,26000
Johnson White,Tuesday  ,32558
Livia Karsen,Tuesday  ,12579
Marjorie Green,Tuesday  ,24880
Meander Smith,Tuesday  ,13060
Michael O'Leary,Tuesday  ,20788
Michel DeFrance,Tuesday  ,27114
Morningstar Greene,Tuesday  ,15517
Reginald Blotchet-Halls,Tuesday  ,17874
Sheryl Hunter,Tuesday  ,20102
Stearns MacFeather,Tuesday  ,14342
Sylvia Panteley,Tuesday  ,14492
Akiko Yokomoto,no data,0
